[{
    "title"       : "Thor 4",
    "genre"       : "Ficción Aventura",
    "rate"        : 2,
    "image"       : "http://placehold.it/350x150/FFC107/000000",
    "description" : "EEUU. 1977",
    "sessions"    : ["18:00", "20:00", "22:00"],
    "ref"         : "JVDdUNVvBL0"
},{
    "title"       : "The Proposal",
    "genre"       : "Comedia",
    "rate"        : 4,
    "image"       : "http://placehold.it/350x150/FFC107/000000",
    "description" : "EEUU. 1977",
    "sessions"    : ["18:00", "20:00", "22:00"],
    "ref"         : "C-ib-_W1weM"
},{
    "title"       : "The Good Girl",
    "genre"       : "Drama Romántico",
    "rate"        : 4,
    "image"       : "http://placehold.it/350x150/FFC107/000000",
    "description" : "EEUU. 1977",
    "sessions"    : ["18:00", "20:00", "22:00"],
    "ref"         : "A71mlM0u1bg"
},{
    "title"       : "Raising Helen",
    "genre"       : "Drama Romántico",
    "rate"        : 4,
    "image"       : "http://placehold.it/350x150/FFC107/000000",
    "description" : "EEUU. 1977",
    "sessions"    : ["18:00", "20:00", "22:00"],
    "ref"         : "5aWTvr1qaBk"
},{
    "title"       : "Revenge Of The Sith",
    "genre"       : "Ficción Aventura",
    "rate"        : 4,
    "image"       : "http://placehold.it/350x150/FFC107/000000",
    "description" : "EEUU. 1977",
    "sessions"    : ["18:00", "20:00", "22:00"],
    "ref"         : "14tMHjDkKLA"
}]